{"cameraMode":{"drawMode":0,"name":"Shaded","section":"Shading Mode"},"sceneLighting":false,"audioPlay":false,"sceneViewState":{"showFog":true,"showMaterialUpdate":false,"showSkybox":false,"showFlares":true,"showImageEffects":true,"showParticleSystems":true},"in2DMode":false,"pivot":{"x":-0.0022987425327301027,"y":1.0329322814941407,"z":0.00004124641418457031},"rotation":{"x":0.033102575689554217,"y":0.8768668174743652,"z":-0.05981855094432831,"w":0.47649437189102175},"size":4.1579790115356449,"orthographic":false}