{"cameraMode":{"drawMode":0,"name":"Shaded","section":"Shading Mode"},"sceneLighting":false,"audioPlay":false,"sceneViewState":{"showFog":true,"showMaterialUpdate":false,"showSkybox":false,"showFlares":true,"showImageEffects":true,"showParticleSystems":true},"in2DMode":false,"pivot":{"x":0.00004425644874572754,"y":1.0367745161056519,"z":-0.00004500150680541992},"rotation":{"x":0.04311984404921532,"y":0.8868976831436157,"z":-0.08328968286514282,"w":0.4530286490917206},"size":3.7073745727539064,"orthographic":false}