{"cameraMode":{"drawMode":0,"name":"Shaded","section":"Shading Mode"},"sceneLighting":false,"audioPlay":false,"sceneViewState":{"showFog":true,"showMaterialUpdate":false,"showSkybox":false,"showFlares":true,"showImageEffects":true,"showParticleSystems":true},"in2DMode":false,"pivot":{"x":12.580726623535157,"y":14.149115562438965,"z":6.702239990234375},"rotation":{"x":0.07911499589681626,"y":0.9031345248222351,"z":-0.18752527236938477,"w":0.3788876235485077},"size":24.909805297851564,"orthographic":false}