{"cameraMode":{"drawMode":0,"name":"Shaded","section":"Shading Mode"},"sceneLighting":false,"audioPlay":false,"sceneViewState":{"showFog":true,"showMaterialUpdate":false,"showSkybox":false,"showFlares":true,"showImageEffects":true,"showParticleSystems":true},"in2DMode":false,"pivot":{"x":4.340642929077148,"y":2.602005958557129,"z":0.5780067443847656},"rotation":{"x":0.014107825234532357,"y":0.0034085384104400875,"z":-0.00025965829263441265,"w":-1.0002450942993165},"size":2.815437078475952,"orthographic":false}