{"cameraMode":{"drawMode":0,"name":"Shaded","section":"Shading Mode"},"sceneLighting":false,"audioPlay":false,"sceneViewState":{"showFog":true,"showMaterialUpdate":false,"showSkybox":false,"showFlares":true,"showImageEffects":true,"showParticleSystems":true},"in2DMode":false,"pivot":{"x":-0.014888256788253785,"y":1.1799037456512452,"z":-0.0005204975605010986},"rotation":{"x":0.05633840709924698,"y":0.9435482025146484,"z":-0.20928174257278443,"w":0.2517116665840149},"size":4.440131187438965,"orthographic":false}