{"cameraMode":{"drawMode":0,"name":"Shaded","section":"Shading Mode"},"sceneLighting":false,"audioPlay":false,"sceneViewState":{"showFog":true,"showMaterialUpdate":false,"showSkybox":false,"showFlares":true,"showImageEffects":true,"showParticleSystems":true},"in2DMode":false,"pivot":{"x":-0.5390802025794983,"y":0.09194961190223694,"z":0.3662797808647156},"rotation":{"x":0.05918540805578232,"y":0.9336227774620056,"z":-0.17930136620998383,"w":0.3054717779159546},"size":0.677503228187561,"orthographic":false}