{"cameraMode":{"drawMode":0,"name":"Shaded","section":"Shading Mode"},"sceneLighting":false,"audioPlay":false,"sceneViewState":{"showFog":true,"showMaterialUpdate":false,"showSkybox":false,"showFlares":true,"showImageEffects":true,"showParticleSystems":true},"in2DMode":false,"pivot":{"x":-0.4939437508583069,"y":0.3363705277442932,"z":0.19612693786621095},"rotation":{"x":0.0797991156578064,"y":0.9154856204986572,"z":-0.3267166018486023,"w":0.22223755717277528},"size":1.270115613937378,"orthographic":false}