{"cameraMode":{"drawMode":0,"name":"Shaded","section":"Shading Mode"},"sceneLighting":false,"audioPlay":false,"sceneViewState":{"showFog":true,"showMaterialUpdate":false,"showSkybox":false,"showFlares":true,"showImageEffects":true,"showParticleSystems":true},"in2DMode":false,"pivot":{"x":0.015703678131103517,"y":0.762787938117981,"z":0.2039177417755127},"rotation":{"x":0.00044603197602555156,"y":0.9613659381866455,"z":-0.27633869647979739,"w":-0.0003330697363708168},"size":6.396296501159668,"orthographic":false}