{"cameraMode":{"drawMode":0,"name":"Shaded","section":"Shading Mode"},"sceneLighting":false,"audioPlay":false,"sceneViewState":{"showFog":true,"showMaterialUpdate":false,"showSkybox":false,"showFlares":true,"showImageEffects":true,"showParticleSystems":true},"in2DMode":false,"pivot":{"x":0.7135014533996582,"y":0.8257362842559815,"z":-1.8204317092895508},"rotation":{"x":0.014573214575648308,"y":0.985713541507721,"z":-0.10470934212207794,"w":0.13239823281764985},"size":4.556839942932129,"orthographic":false}