{"cameraMode":{"drawMode":0,"name":"Shaded","section":"Shading Mode"},"sceneLighting":false,"audioPlay":false,"sceneViewState":{"showFog":true,"showMaterialUpdate":false,"showSkybox":false,"showFlares":true,"showImageEffects":true,"showParticleSystems":true},"in2DMode":false,"pivot":{"x":2.416517496109009,"y":1.4589837789535523,"z":-1.2274701595306397},"rotation":{"x":-0.10406837612390518,"y":0.08107054978609085,"z":-0.0071410806849598888,"w":-0.9920560717582703},"size":2.1778790950775148,"orthographic":false}