{"cameraMode":{"drawMode":0,"name":"Shaded","section":"Shading Mode"},"sceneLighting":false,"audioPlay":false,"sceneViewState":{"showFog":true,"showMaterialUpdate":false,"showSkybox":false,"showFlares":true,"showImageEffects":true,"showParticleSystems":true},"in2DMode":false,"pivot":{"x":0.6639999747276306,"y":0.05100636184215546,"z":-0.4229571521282196},"rotation":{"x":0.17878621816635133,"y":-0.7196014523506165,"z":0.20109637081623078,"w":0.6403422355651856},"size":0.3187611699104309,"orthographic":false}