{"cameraMode":{"drawMode":0,"name":"Shaded","section":"Shading Mode"},"sceneLighting":false,"audioPlay":false,"sceneViewState":{"showFog":true,"showMaterialUpdate":false,"showSkybox":false,"showFlares":true,"showImageEffects":true,"showParticleSystems":true},"in2DMode":false,"pivot":{"x":-0.7776314616203308,"y":0.32060956954956057,"z":1.392075777053833},"rotation":{"x":-0.13944780826568604,"y":0.7743856310844421,"z":-0.18273723125457765,"w":-0.5897928476333618},"size":2.0256760120391847,"orthographic":false}