{"cameraMode":{"drawMode":0,"name":"Shaded","section":"Shading Mode"},"sceneLighting":false,"audioPlay":false,"sceneViewState":{"showFog":true,"showMaterialUpdate":false,"showSkybox":false,"showFlares":true,"showImageEffects":true,"showParticleSystems":true},"in2DMode":false,"pivot":{"x":0.7834483981132507,"y":0.7511537075042725,"z":-0.2275870442390442},"rotation":{"x":0.444153368473053,"y":0.09244275838136673,"z":-0.04613466560840607,"w":0.8899739384651184},"size":0.37191206216812136,"orthographic":false}