{"cameraMode":{"drawMode":0,"name":"Shaded","section":"Shading Mode"},"sceneLighting":false,"audioPlay":false,"sceneViewState":{"showFog":true,"showMaterialUpdate":false,"showSkybox":false,"showFlares":true,"showImageEffects":true,"showParticleSystems":true},"in2DMode":false,"pivot":{"x":2.4704818725585939,"y":1.0138741731643677,"z":-3.808701753616333},"rotation":{"x":0.0323738232254982,"y":-0.03447514772415161,"z":0.0011171282967552543,"w":0.9988825917243958},"size":0.1492484211921692,"orthographic":false}