{"cameraMode":{"drawMode":0,"name":"Shaded","section":"Shading Mode"},"sceneLighting":false,"audioPlay":false,"sceneViewState":{"showFog":true,"showMaterialUpdate":false,"showSkybox":false,"showFlares":true,"showImageEffects":true,"showParticleSystems":true},"in2DMode":false,"pivot":{"x":0.2444453239440918,"y":0.10471891611814499,"z":0.00009352853521704674},"rotation":{"x":0.044322315603494647,"y":-0.05242427811026573,"z":0.002328928792849183,"w":0.9976391792297363},"size":0.446137934923172,"orthographic":true}