{"cameraMode":{"drawMode":0,"name":"Shaded","section":"Shading Mode"},"sceneLighting":false,"audioPlay":false,"sceneViewState":{"showFog":true,"showMaterialUpdate":false,"showSkybox":false,"showFlares":true,"showImageEffects":true,"showParticleSystems":true},"in2DMode":false,"pivot":{"x":5.960464477539063e-8,"y":0.1620999276638031,"z":2.2351741790771486e-8},"rotation":{"x":-0.18547847867012025,"y":0.13630960881710053,"z":-0.026111185550689698,"w":-0.9729067087173462},"size":0.6064102649688721,"orthographic":false}