{"cameraMode":{"drawMode":0,"name":"Shaded","section":"Shading Mode"},"sceneLighting":false,"audioPlay":false,"sceneViewState":{"showFog":true,"showMaterialUpdate":false,"showSkybox":false,"showFlares":true,"showImageEffects":true,"showParticleSystems":true},"in2DMode":false,"pivot":{"x":-0.0022987425327301027,"y":1.0329322814941407,"z":0.00004124641418457031},"rotation":{"x":0.05633840709924698,"y":0.9435482025146484,"z":-0.20928174257278443,"w":0.2517116665840149},"size":4.1579790115356449,"orthographic":false}