{"cameraMode":{"drawMode":0,"name":"Shaded","section":"Shading Mode"},"sceneLighting":false,"audioPlay":false,"sceneViewState":{"showFog":true,"showMaterialUpdate":false,"showSkybox":false,"showFlares":true,"showImageEffects":true,"showParticleSystems":true},"in2DMode":false,"pivot":{"x":8.334907531738282,"y":0.6207083463668823,"z":-2.033560037612915},"rotation":{"x":0.10937108099460602,"y":0.6244402527809143,"z":-0.09937938302755356,"w":0.7686700224876404},"size":0.45452389121055605,"orthographic":false}