{"cameraMode":{"drawMode":0,"name":"Shaded","section":"Shading Mode"},"sceneLighting":false,"audioPlay":false,"sceneViewState":{"showFog":true,"showMaterialUpdate":false,"showSkybox":false,"showFlares":true,"showImageEffects":true,"showParticleSystems":true},"in2DMode":false,"pivot":{"x":0.2540585398674011,"y":0.2646440267562866,"z":-0.503130316734314},"rotation":{"x":0.10284716635942459,"y":0.022210098803043367,"z":0.0002974346571136266,"w":0.9953392148017883},"size":0.33824074268341067,"orthographic":false}