{"cameraMode":{"drawMode":0,"name":"Shaded","section":"Shading Mode"},"sceneLighting":true,"audioPlay":false,"sceneViewState":{"showFog":true,"showMaterialUpdate":false,"showSkybox":false,"showFlares":true,"showImageEffects":true,"showParticleSystems":true},"in2DMode":false,"pivot":{"x":3.748645782470703,"y":1.4747304916381837,"z":-12.53981876373291},"rotation":{"x":0.04269475117325783,"y":0.9051193594932556,"z":-0.09181691706180573,"w":0.41371291875839236},"size":7.227146625518799,"orthographic":false}