{"cameraMode":{"drawMode":0,"name":"Shaded","section":"Shading Mode"},"sceneLighting":false,"audioPlay":false,"sceneViewState":{"showFog":true,"showMaterialUpdate":false,"showSkybox":false,"showFlares":true,"showImageEffects":true,"showParticleSystems":true},"in2DMode":false,"pivot":{"x":-2.5538790225982668,"y":-1.708235263824463,"z":5.292330741882324},"rotation":{"x":-0.07183345407247544,"y":0.6537321209907532,"z":-0.06256358325481415,"w":-0.7507802248001099},"size":4.599252223968506,"orthographic":false}