{"cameraMode":{"drawMode":0,"name":"Shaded","section":"Shading Mode"},"sceneLighting":false,"audioPlay":false,"sceneViewState":{"showFog":true,"showMaterialUpdate":false,"showSkybox":false,"showFlares":true,"showImageEffects":true,"showParticleSystems":true},"in2DMode":false,"pivot":{"x":2.7985806465148927,"y":85.70475006103516,"z":-8.234283447265625},"rotation":{"x":0.2676422894001007,"y":-0.4102570116519928,"z":0.1273113340139389,"w":0.8624704480171204},"size":65.42654418945313,"orthographic":false}