{"cameraMode":{"drawMode":0,"name":"Shaded","section":"Shading Mode"},"sceneLighting":false,"audioPlay":false,"sceneViewState":{"showFog":true,"showMaterialUpdate":false,"showSkybox":false,"showFlares":true,"showImageEffects":true,"showParticleSystems":true},"in2DMode":false,"pivot":{"x":-1.3777756690979005,"y":-4.814207077026367,"z":-2.6464085578918459},"rotation":{"x":-0.02159060910344124,"y":0.9777365922927856,"z":-0.16234345734119416,"w":-0.13583193719387055},"size":10.412017822265625,"orthographic":false}