{"cameraMode":{"drawMode":0,"name":"Shaded","section":"Shading Mode"},"sceneLighting":true,"audioPlay":false,"sceneViewState":{"showFog":true,"showMaterialUpdate":false,"showSkybox":false,"showFlares":true,"showImageEffects":true,"showParticleSystems":true},"in2DMode":false,"pivot":{"x":2.840101957321167,"y":0.8939701318740845,"z":-3.541750431060791},"rotation":{"x":0.0700727328658104,"y":0.8376979231834412,"z":-0.11070991307497025,"w":0.5302196145057678},"size":1.9438233375549317,"orthographic":false}