{"cameraMode":{"drawMode":0,"name":"Shaded","section":"Shading Mode"},"sceneLighting":false,"audioPlay":false,"sceneViewState":{"showFog":true,"showMaterialUpdate":false,"showSkybox":false,"showFlares":true,"showImageEffects":true,"showParticleSystems":true},"in2DMode":false,"pivot":{"x":-0.00393599271774292,"y":1.0101277828216553,"z":-0.008511751890182495},"rotation":{"x":0.10007745772600174,"y":0.852275550365448,"z":-0.17553602159023286,"w":0.48313042521476748},"size":3.9701151847839357,"orthographic":false}