{"cameraMode":{"drawMode":0,"name":"Shaded","section":"Shading Mode"},"sceneLighting":false,"audioPlay":false,"sceneViewState":{"showFog":true,"showMaterialUpdate":false,"showSkybox":false,"showFlares":true,"showImageEffects":true,"showParticleSystems":true},"in2DMode":false,"pivot":{"x":-0.00009989738464355469,"y":0.057500001043081287,"z":-0.08020007610321045},"rotation":{"x":0.47712329030036929,"y":0.007910140790045262,"z":-0.004292861558496952,"w":0.8787957429885864},"size":0.3976652920246124,"orthographic":true}