{"cameraMode":{"drawMode":0,"name":"Shaded","section":"Shading Mode"},"sceneLighting":false,"audioPlay":false,"sceneViewState":{"showFog":true,"showMaterialUpdate":false,"showSkybox":false,"showFlares":true,"showImageEffects":true,"showParticleSystems":true},"in2DMode":false,"pivot":{"x":0.0,"y":1.002709150314331,"z":-0.2025080919265747},"rotation":{"x":0.19767017662525178,"y":-0.03068503737449646,"z":0.005326242186129093,"w":0.9804970026016235},"size":5.506453990936279,"orthographic":false}