{"cameraMode":{"drawMode":0,"name":"Shaded","section":"Shading Mode"},"sceneLighting":false,"audioPlay":false,"sceneViewState":{"showFog":true,"showMaterialUpdate":false,"showSkybox":false,"showFlares":true,"showImageEffects":true,"showParticleSystems":true},"in2DMode":false,"pivot":{"x":-0.03658169507980347,"y":0.369704931974411,"z":-0.23489093780517579},"rotation":{"x":0.003959383349865675,"y":0.9715846180915833,"z":-0.013856998644769192,"w":0.23755387961864472},"size":1.5875868797302247,"orthographic":false}