{"cameraMode":{"drawMode":0,"name":"Shaded","section":"Shading Mode"},"sceneLighting":false,"audioPlay":false,"sceneViewState":{"showFog":true,"showMaterialUpdate":false,"showSkybox":false,"showFlares":true,"showImageEffects":true,"showParticleSystems":true},"in2DMode":false,"pivot":{"x":-0.014888256788253785,"y":1.1799037456512452,"z":-0.0005204975605010986},"rotation":{"x":0.033102575689554217,"y":0.8768668174743652,"z":-0.05981855094432831,"w":0.47649437189102175},"size":4.440131187438965,"orthographic":false}