{"cameraMode":{"drawMode":0,"name":"Shaded","section":"Shading Mode"},"sceneLighting":false,"audioPlay":false,"sceneViewState":{"showFog":true,"showMaterialUpdate":false,"showSkybox":false,"showFlares":true,"showImageEffects":true,"showParticleSystems":true},"in2DMode":false,"pivot":{"x":2.3034205436706545,"y":-1.1346603631973267,"z":-3.61830472946167},"rotation":{"x":0.0732700452208519,"y":0.9022312760353088,"z":-0.16760152578353883,"w":0.3912845849990845},"size":6.4340128898620609,"orthographic":false}