{"cameraMode":{"drawMode":0,"name":"Shaded","section":"Shading Mode"},"sceneLighting":false,"audioPlay":false,"sceneViewState":{"showFog":true,"showMaterialUpdate":false,"showSkybox":false,"showFlares":true,"showImageEffects":true,"showParticleSystems":true},"in2DMode":false,"pivot":{"x":0.03620012104511261,"y":0.09216982871294022,"z":0.00198304932564497},"rotation":{"x":0.044322315603494647,"y":-0.05242427811026573,"z":0.002328928792849183,"w":0.9976391792297363},"size":0.32485002279281618,"orthographic":true}